last_name,first_name,birth,sex,tel,mail,address,in_charge,note,reg_date
岡本,Tamara,1981-04-20,F,03-4347-7727,uharris@example.com,"25437 Raven Trail East Karenport, MD 63806",2,,2023-02-12
Webb,Angela,1945-11-04,M,01-5929-3628,takumayamaguchi@example.com,新潟県西多摩郡瑞穂町勝どき40丁目15番12号 下宇和田パーク622,19,,2023-05-10
田中,Antonio,1971-04-26,M,001-683-531-6667x19839,mccoychristian@example.com,"284 Carpenter Flats Suite 476 East Josephville, SC 70297",8,,2023-01-28
Williams,翼,1935-07-17,M,001-975-648-2992x860,suzukisayuri@example.net,"97211 Willie View Apt. 727 Dawsonberg, NC 48222",16,"Ago network include serve reduce life. Inside official wide listen perhaps such.
Pick read feeling customer chair magazine rule control. Environmental agent character character particularly.",2023-01-29
Nelson,涼平,2007-05-25,M,070-7629-6576,allisoncohen@example.net,"28340 Sierra Knolls West Alexisbury, OH 94509",12,"バケツスキームスマッシュパイオニアカレッジ。差別するデフォルトヒールストレージささやき今。追放する意図合計。
職人午前陶器ダッシュじぶんのフェミニスト暖かい。コミュニティ知覚欠乏普通の合計軸リフト。
追放する厳しいリニア細かいそれ目的。
近代化するは管理する舗装編組。チーズ楽しんでパイオニア偏差。
ニュースダニ脊椎屋根裏コピー。",2023-05-15
James,Angela,1980-11-15,M,001-601-963-8955,phamjohn@example.net,山梨県香取郡神崎町浅草29丁目12番11号,15,,2022-12-01
Ramirez,和也,1952-10-19,F,798.738.4309,satomi79@example.org,"3308 Montes Trafficway Suite 371 Lake Kimberly, HI 61316",11,,2023-03-19
Collins,Rebecca,1986-05-23,F,480.370.2687x073,mituruhayashi@example.net,"91867 Massey Radial West Edwardmouth, MA 13701",5,,2023-05-15
佐藤,里佳,1953-01-31,F,080-9316-1772,lmartin@example.net,山口県葛飾区猿楽町16丁目10番12号 アーバン天神島907,4,"障害偏差探査トレーナー通行料金創傷。
敵仕上げトースト舗装デフォルト今日拡張。鉱山試してみるハンマー立派な持っていました〜奨励します反射。画面人形楽しんで画面明らかにする尊敬する。
ジャーナルささやき織る通行料金野球証言する。ボトル運自体呼ぶささやきマリン。擁するコーナー月葉犯罪者同行今。
教会マリンサラダ。",2023-01-25
Gomez,Maria,1992-06-05,M,080-3377-1709,sarahduncan@example.com,"3669 Julie Row Apt. 125 Walkerview, KY 91326",13,"About security nice grow production drive interview down.
Tell allow writer service. Partner rich respond rock provide live.
Fall affect focus research. Study pick spend activity local its.",2023-03-22
Cook,Dorothy,1939-01-26,F,090-0405-8916,simonshannon@example.com,USNS Moore FPO AE 50906,14,,2023-04-08
Miller,裕太,1955-12-01,M,080-7198-2761,tyler19@example.com,"12266 Baker Ridges Suite 042 South Kathytown, GU 41394",17,,2022-12-30
Miller,Catherine,1984-04-26,F,001-946-618-9068x9430,yoichi21@example.org,広島県長生郡長柄町隼町32丁目11番15号,14,"Material last movie scene quality among receive local. Perform dog fish collection. Light rate hear side.
Consider minute moment my process those. Case mother reason cultural reflect much very.",2022-11-27
村上,Allen,1985-12-27,F,244.999.1354x55200,haruka97@example.org,福島県江戸川区東三島9丁目8番8号 パーク富久町691,5,,2022-09-17
Cox,Austin,1989-04-15,F,(296)923-0499x682,thashimoto@example.net,秋田県中野区太田ヶ谷21丁目15番16号 日比谷公園アーバン643,3,"同行コミュニケーション式バーゲン月自体。助けて編組カラムフレームハードウェア彼女彼彼女。
電池分割反射必要バスケット。ストレージ持つ軸ソース残る。
残る電話雪細かい。高い見落とす試してみるフェミニスト。コンペヒット主人持っていました埋め込む供給。
必要分割マリン人形持っていました。ピック分割尿偏差プラスチック立派な主婦。鉱山テント戦略的。
彼戦略的スペルコンペあなた自身コンペヒール残る。",2023-06-10
Whitney,Rachel,2002-09-04,M,212-755-0232,vtanaka@example.net,岩手県南房総市下宇和田23丁目9番10号 今戸クレスト800,12,"教会コンペ今日野球。擁する本質的な彼コーラス移動ない今日。月発生する月ない。
アクセルペダルホイール証言する尿保持する楽しんでコミュニティ。
コンペあなた自身バス評議会文言。ジャム符号目的電話協力。ソースバナー呼ぶ建築ピックヒール。
同行中世楽しんでブラケット本質的なパン意図同行。改善怒り虐待コンペ尊敬する。トーンコピーコーラス。",2023-06-04
Newton,太一,1946-05-25,F,070-9878-1569,pittsnicole@example.com,"70153 Michelle Grove Tracyshire, PR 77608",10,"Discover data home when many clear. Sometimes option loss feel professor.
Out defense business. Wait production property partner suddenly bed her.",2022-11-21
Delgado,Tamara,1968-07-29,M,4133225460,jeremy04@example.org,"728 Campos Glen Apt. 096 Zunigahaven, UT 79324",1,,2023-06-10
加藤,David,1980-11-24,F,090-0734-0694,sfritz@example.net,"0946 Jason Manor Costamouth, VT 95213",14,"偏差クール連続ダッシュ持ってる。数字彼中央発生するシュガー供給電話。ジャーナル協力虐待保持するないコーナーサラダ埋め込む。
欠乏錯覚不自然な文言。証言する数字狐サラダ。助けて主人仕上げ。
管理するサラダトス追放する品質ボトル。部隊ソース符号拡張午前君は。
クロス癌協力ない。ピックバスオークションクルー通行料金午前移動。シュガーアクセルペダルパイオニア必要あった再現する細かい。",2023-01-25
佐藤,亮介,1937-06-18,M,559-392-4463x030,moriakira@example.net,群馬県香取郡神崎町手岡19丁目20番12号,1,"スキームささやきクール再現するサラダ倫理。指名学生ヒットヘア見出し状況チーズ擁する。コミュニティ花嫁シェービング尿賞賛する保証金虐待。
管理する電池建築バス今日ブレーキ。トレーナーバナー怒りキャビンクルー。
リンク保持する狐索引細かい奨励します。品質高いコミュニケーション通行料金自体。バスケットクルー敵コミュニティ。",2022-09-09
田中,康弘,1923-10-07,F,+1-708-990-4480x14098,fortiz@example.org,USS Rich FPO AE 92313,7,,2022-12-28
Stewart,Chelsea,1988-07-18,M,46-3261-5458,matsumotosotaro@example.com,大分県横浜市磯子区上野公園3丁目2番3号 氏家新田ハイツ175,4,Environmental identify table us. Area himself church writer manager. Authority ten body threat interview.,2023-05-09
Brown,淳,1947-01-24,M,090-4564-3265,brandonwilliams@example.net,滋賀県横浜市都筑区南赤田4丁目22番6号 コート芝公園061,12,,2023-03-15
森,晃,1997-01-10,F,988-335-2576,yuinakamura@example.net,静岡県川崎市宮前区台東40丁目8番8号 吾妻橋パレス478,1,,2023-04-06
佐々木,Jamie,1942-03-01,M,080-0573-4525,umiller@example.org,沖縄県日野市四番町1丁目24番19号 上野公園クレスト857,15,Attention public why interview today. Career responsibility wonder.,2023-04-12
中川,くみ子,1945-08-07,M,080-9186-4315,kobayashishota@example.net,"PSC 4189, Box 1545 APO AE 52125",4,"Blood notice on themselves too recently before best. Spring society simply create.
Form mean his development chance.",2023-06-09
Mckinney,Joseph,1958-01-10,M,(942)540-5230x06968,morimaaya@example.net,"3984 Reyes Radial Suite 664 North Molly, WY 97605",16,,2023-03-24
Wood,Mark,1945-11-16,M,090-0211-7826,rossalexander@example.org,"219 Curtis Dam East Carlos, CA 77818",8,,2023-04-20
Warren,太一,1943-08-18,M,080-6624-1470,abenaoto@example.net,和歌山県文京区細野39丁目5番5号 シティ独鈷沢207,10,,2023-04-08
Martinez,涼平,1952-06-26,M,+1-720-403-8063x569,derrick23@example.com,"6207 Hicks Ways Nicholasfurt, NE 71320",12,,2022-11-07
